weight,word,color,url
8,Calculation & Data Type Corrections,,https://www.lorem.com
8,Other Circuit related fixes,,https://www.ipsum.com
7,Import Path Handling,,
6,Data & Measurement Handling,,
6,Gate Operation Handling,,
5,Quantum State and Operator Gradient Fixes,#ff00ff,
5,Qubit and State Handling,#ffffff,
5,Testing and Assertions,#dd3399,
4,Circuit & Backend Handling,,
4,Circuit Compatibility and Optimization,,
4,Circuit Logic and Decomposition,,
4,Function & Signature Handling,,
4,Gate Logic Handling,,
4,Gate Parameter Handling,,
4,Parameter Handling and NaN Issues,,
3,Backend & API Handling,,
3,Circuit Syntax Handling,,
3,Compatibility Issues & Refactoring,,
3,Display Circuit Image,,https://www.dolor.com
3,Matrix & Formula Handling,,
3,Metadata & Eigenvalue Handling,,https://www.erat.com
3,Naming Consistency,,
3,Orbital Symmetry and Integral Corrections,,
3,Parameter & H/W Configuration,,
3,Quantum Neural Network Fix,,
3,Test Tolerance & Cases,,
2,Backend & Compatibility Handling,,
2,Circuit Inverse,,
2,Circuit Parameterization,,
2,Code Efficiency & Generalization,,
2,Corner Case Handling,,
2,Data and Storage Handling,,
2,Data Compatibility Handling,,
2,Dependency & Compilation Handling,,
2,Display & Circuit Representation,,
2,Error Handling & Validation,,
2,Function Call Handling,,
2,Gate Operations,,
2,Graph Handling,,
2,Index & Error Handling,,
2,Mathematical Accuracy,,
2,Mid-Circuit Measurement Handling,,
2,Naming Inconsistency,,
2,Observable & Validation Handling,,
2,Operator Handling,,
2,Output & Recording Refactoring,,
2,Output Formatting,,
2,Probability Distribution and Frequency Handling,,
2,Recursion & Runtime Handling,,
2,State Preparation Handling,,
2,Symbolic and Parameterized Gates,,
2,Syntax & Typo Fixes,,
2,Tape & Shift Term Handling,,
1,Bloch Sphere & Representation,,
1,Circuit Identification,,
1,Circuit Initialization,,
1,Circuit Simulation & Logic Handling,,
1,Code Syntax & Measurement Fixes,,
1,Compatibility Handling,,
1,Control and Excitation Handling,,
1,Dimension & Mismatch Handling,,
1,Encoding Functions & Return Values,,
1,Error Parsing & Handling,,
1,Error Reporting,,
1,Execution Error Prevention,,
1,Filename Handling,,
1,Function Signature Handling,,
1,Import Path & State Representation,,
1,Import Statements,,
1,Input & Validation Handling,,
1,Interface Implementation & Refactoring,,
1,Loss & Measurement Handling,,
1,Mathematical Calculations,,
1,Measurement & State Operations,,
1,Method Compatibility,,
1,Module & Consistency Handling,,
1,Noise Handling,,
1,Noise Sampling & Handling,,
1,Numerical & Arithmetic Operations,,
1,Numerical Precision & Arithmetic,,
1,Observable & Error Handling,,
1,Operator & Function Calls,,
1,Oracle & Circuit Handling,,
1,Orbitals & UCC Calculations,,
1,Output & Assignment Handling,,
1,Output Display & Quantum State Representation,,
1,Output Filtering & Calibration,,
1,Output Formatting & Intuitiveness,,
1,Precision & Loss Handling,,
1,Program Equality & Consistency,,
1,Qiskit Backend Handling,,
1,Quantum Operation Mapping,,
1,Quantum State Creation,,
1,Quantum State Handling,,
1,Quantum State Initialization & Reset,,
1,Quantum State Probability & Amplitude,,
1,Quantum State Representation,,
1,Quantum State Vectors & Superposition,,
1,Qubit Assignment Handling,,
1,Qubit Encodings & Orbital Optimizations,,
1,Qubit Indexing,,
1,Qubit Layout & Tracking,,
1,Qubit Mapping & Hardware,,
1,Random Number & Deterministic Properties,,
1,Regression Testing and Validation Fixes,,
1,Resource & Memory Management,,
1,Results Ordering & Validation,,
1,Sampling Methods,,
1,Serialization & Fidelity Kernel Handling,,
1,State Probability Computations,,
1,State Reset & Management,,
1,State Reset Functions,,
1,Syntax & Composition Fixes,,
1,Test Case Handling,,
1,Test Case Type Handling,,
1,Test Coverage,,
1,Test Suite & Compatibility,,
1,Type Compatibility Handling,,
1,Variable Assignment & Refactoring,,
1,Variable Usage & Logic Handling,,
1,Warnings & Transformations,,
